insert into algorithms (id, name, structure, algorithm_year, design_paper, design_venue, design_url, standard, type, total_rounds, tags) values ('aes-128', 'AES-128', 'SPN', 1998, 'AES Proposal: Rijndael', 'AES Candidate Submission 1998', 'https://csrc.nist.gov/CSRC/media/Projects/Cryptographic-Standards-and-Guidelines/documents/aes-development/Rijndael-ammended.pdf', 'NIST / United States', 'block', '10', '["AES candidate","AES selected standard","Low-data","National Standard","SPN"]');
insert into algorithms (id, name, structure, algorithm_year, design_paper, design_venue, design_url, standard, type, total_rounds, tags) values ('aes-192', 'AES-192', 'SPN', 1998, 'AES Proposal: Rijndael', 'AES Candidate Submission 1998', 'https://csrc.nist.gov/CSRC/media/Projects/Cryptographic-Standards-and-Guidelines/documents/aes-development/Rijndael-ammended.pdf', 'NIST / United States', 'block', '12', '["AES selected standard","National Standard","SPN"]');
insert into algorithms (id, name, structure, algorithm_year, design_paper, design_venue, design_url, standard, type, total_rounds, tags) values ('aes-256', 'AES-256', 'SPN', 1998, 'AES Proposal: Rijndael', 'AES Candidate Submission 1998', 'https://csrc.nist.gov/CSRC/media/Projects/Cryptographic-Standards-and-Guidelines/documents/aes-development/Rijndael-ammended.pdf', 'NIST / United States', 'block', '14', '["AES candidate","AES selected standard","National Standard","Related-key","SPN"]');
insert into algorithms (id, name, structure, algorithm_year, design_paper, design_venue, design_url, standard, type, total_rounds, tags) values ('aria-128', 'ARIA-128', 'SPN', 2003, 'A Description of the ARIA Encryption Algorithm', 'RFC 5794', 'https://www.rfc-editor.org/rfc/rfc5794', 'Korean national standard', 'block', '12', '["Block cipher","ISO/IEC","National Standard","SPN"]');
insert into algorithms (id, name, structure, algorithm_year, design_paper, design_venue, design_url, standard, type, total_rounds, tags) values ('ascon', 'Ascon', 'Sponge permutation', 2014, 'Ascon v1.2: Lightweight Authenticated Encryption and Hashing', 'Journal of Cryptology', 'https://link.springer.com/article/10.1007/s00145-021-09398-9', 'NIST LWC selected standard', 'hash', '12 rounds permutation', '["CAESAR competition","Hash function","Lightweight","National Standard","NIST LWC selected standard","Sponge permutation"]');
insert into algorithms (id, name, structure, algorithm_year, design_paper, design_venue, design_url, standard, type, total_rounds, tags) values ('blake-32', 'BLAKE-32', 'HAIFA / ARX', 2008, 'BLAKE', 'SHA-3 Submission to NIST', 'https://131002.net/blake/', 'SHA-3 finalist', 'hash', '14 rounds', '["HAIFA / ARX","Hash function","SHA-3 candidate","SHA-3 finalist"]');
insert into algorithms (id, name, structure, algorithm_year, design_paper, design_venue, design_url, standard, type, total_rounds, tags) values ('camellia-128', 'Camellia-128', 'Feistel', 2000, 'A Description of the Camellia Encryption Algorithm', 'RFC 3713', 'https://www.rfc-editor.org/rfc/rfc3713', 'ISO/IEC and CRYPTREC', 'block', '18', '["Block cipher","Feistel","ISO/IEC","National Standard"]');
insert into algorithms (id, name, structure, algorithm_year, design_paper, design_venue, design_url, standard, type, total_rounds, tags) values ('chaskey', 'Chaskey', 'ARX permutation', 2014, 'Chaskey: An Efficient MAC Algorithm for 32-bit Microcontrollers', 'SAC 2014', 'https://eprint.iacr.org/2014/386', 'Lightweight MAC', 'block', '16 rounds', '["ARX permutation","CAESAR-related","Lightweight","Message authentication"]');
insert into algorithms (id, name, structure, algorithm_year, design_paper, design_venue, design_url, standard, type, total_rounds, tags) values ('clefia-128', 'CLEFIA-128', 'Generalized Feistel', 2007, 'The 128-Bit Blockcipher CLEFIA', 'RFC 6114', 'https://www.rfc-editor.org/rfc/rfc6114', 'ISO/IEC and CRYPTREC', 'block', '18', '["Block cipher","Generalized Feistel","ISO/IEC","Lightweight","National Standard"]');
insert into algorithms (id, name, structure, algorithm_year, design_paper, design_venue, design_url, standard, type, total_rounds, tags) values ('des', 'DES', 'Feistel', 1977, 'Data Encryption Standard', 'NIST FIPS 46-3', 'https://csrc.nist.gov/pubs/fips/46-3/final', 'NBS / United States', 'block', '16', '["Block cipher","Feistel","Legacy standard","National Standard"]');
insert into algorithms (id, name, structure, algorithm_year, design_paper, design_venue, design_url, standard, type, total_rounds, tags) values ('gift-64', 'GIFT-64', 'SPN', 2017, 'GIFT: A Small Present', 'CHES 2017', 'https://link.springer.com/chapter/10.1007/978-3-319-66787-4_16', 'NIST LWC-related primitive', 'block', '28', '["Block cipher","Lightweight","National Standard","NIST LWC-related","SPN"]');
insert into algorithms (id, name, structure, algorithm_year, design_paper, design_venue, design_url, standard, type, total_rounds, tags) values ('gimli', 'Gimli', 'ARX permutation', 2017, 'Gimli: A Cross-Platform Permutation', 'CHES 2017', 'https://link.springer.com/chapter/10.1007/978-3-319-66787-4_18', 'NIST LWC candidate', 'hash', '24 rounds', '["ARX permutation","CAESAR-related","Hash function","Lightweight","National Standard","NIST LWC candidate"]');
insert into algorithms (id, name, structure, algorithm_year, design_paper, design_venue, design_url, standard, type, total_rounds, tags) values ('gr-stl-256', 'Grøstl-256', 'AES-like hash', 2008, 'Grøstl - a SHA-3 Candidate', 'SHA-3 Submission to NIST', 'http://www.groestl.info/Groestl.pdf', 'SHA-3 finalist', 'hash', '10 rounds', '["AES-like hash","Hash function","SHA-3 candidate","SHA-3 finalist"]');
insert into algorithms (id, name, structure, algorithm_year, design_paper, design_venue, design_url, standard, type, total_rounds, tags) values ('jh', 'JH', 'Sponge-like permutation', 2008, 'JH', 'SHA-3 Submission to NIST', 'https://ehash.isec.tugraz.at/wiki/JH.html', 'SHA-3 finalist', 'hash', '42 rounds', '["Hash function","SHA-3 candidate","SHA-3 finalist","Sponge-like permutation"]');
insert into algorithms (id, name, structure, algorithm_year, design_paper, design_venue, design_url, standard, type, total_rounds, tags) values ('kasumi', 'KASUMI', 'Feistel', 2000, 'Specification of the 3GPP Confidentiality and Integrity Algorithms UEA2 and UIA2', '3GPP TS 35.202', 'https://www.etsi.org/deliver/etsi_ts/135200_135299/135202/17.00.00_60/ts_135202v170000p.pdf', '3GPP / Japanese-origin design', 'block', '8', '["3GPP","Block cipher","Feistel","National Standard","Related-key"]');
insert into algorithms (id, name, structure, algorithm_year, design_paper, design_venue, design_url, standard, type, total_rounds, tags) values ('keccak-sha-3', 'Keccak / SHA-3', 'Sponge', 2008, 'Keccak Specifications', 'SHA-3 Submission to NIST', 'https://keccak.team/files/Keccak-reference-3.0.pdf', 'NIST / United States', 'hash', '24 rounds', '["Hash function","National Standard","SHA-3 candidate","SHA-3 selected standard","Sponge"]');
insert into algorithms (id, name, structure, algorithm_year, design_paper, design_venue, design_url, standard, type, total_rounds, tags) values ('kuznyechik', 'Kuznyechik', 'SPN', 2015, 'GOST R 34.12-2015: Block Cipher Kuznyechik', 'RFC 7801', 'https://www.rfc-editor.org/rfc/rfc7801', 'Russian national standard', 'block', '10', '["Block cipher","National Standard","SPN"]');
insert into algorithms (id, name, structure, algorithm_year, design_paper, design_venue, design_url, standard, type, total_rounds, tags) values ('led-64', 'LED-64', 'SPN', 2011, 'LED: A Lightweight Block Cipher', 'CHES 2011', 'https://link.springer.com/chapter/10.1007/978-3-642-23951-9_22', 'Lightweight research cipher', 'block', '32', '["Block cipher","Lightweight","SPN"]');
insert into algorithms (id, name, structure, algorithm_year, design_paper, design_venue, design_url, standard, type, total_rounds, tags) values ('md4', 'MD4', 'Merkle-Damgard', 1990, 'The MD4 Message-Digest Algorithm', 'RFC 1320', 'https://www.rfc-editor.org/rfc/rfc1320', 'Legacy hash function', 'hash', '48 steps', '["Hash function","Legacy standard","Merkle-Damgard"]');
insert into algorithms (id, name, structure, algorithm_year, design_paper, design_venue, design_url, standard, type, total_rounds, tags) values ('md5', 'MD5', 'Merkle-Damgard', 1991, 'The MD5 Message-Digest Algorithm', 'RFC 1321', 'https://www.rfc-editor.org/rfc/rfc1321', 'Legacy Internet standard', 'hash', '64 steps', '["Certificate attacks","Hash function","Legacy standard","Merkle-Damgard"]');
insert into algorithms (id, name, structure, algorithm_year, design_paper, design_venue, design_url, standard, type, total_rounds, tags) values ('misty1', 'MISTY1', 'Feistel', 1995, 'New Block Encryption Algorithm MISTY', 'FSE 1997', 'https://doi.org/10.1007/BFb0052334', 'ISO/IEC and CRYPTREC', 'block', '8', '["Block cipher","Feistel","ISO/IEC","National Standard"]');
insert into algorithms (id, name, structure, algorithm_year, design_paper, design_venue, design_url, standard, type, total_rounds, tags) values ('photon', 'PHOTON', 'AES-like sponge', 2011, 'PHOTON: A Lightweight Hash Function Family', 'CRYPTO 2011', 'https://link.springer.com/chapter/10.1007/978-3-642-22792-9_13', 'Lightweight hash family', 'hash', '12 rounds', '["AES-like sponge","Hash function","Lightweight"]');
insert into algorithms (id, name, structure, algorithm_year, design_paper, design_venue, design_url, standard, type, total_rounds, tags) values ('present', 'PRESENT', 'SPN', 2007, 'PRESENT: An Ultra-Lightweight Block Cipher', 'CHES 2007', 'https://doi.org/10.1007/978-3-540-74735-2_31', 'ISO/IEC lightweight standard', 'block', '31', '["Block cipher","ISO/IEC","Lightweight","SPN"]');
insert into algorithms (id, name, structure, algorithm_year, design_paper, design_venue, design_url, standard, type, total_rounds, tags) values ('present-80', 'PRESENT-80', 'SPN', 2007, 'PRESENT: An Ultra-Lightweight Block Cipher', 'CHES 2007', 'https://doi.org/10.1007/978-3-540-74735-2_31', 'ISO/IEC lightweight standard', 'block', '31', '["Block cipher","ISO/IEC","Lightweight","SPN"]');
insert into algorithms (id, name, structure, algorithm_year, design_paper, design_venue, design_url, standard, type, total_rounds, tags) values ('prince', 'PRINCE', 'FX / reflection SPN', 2012, 'PRINCE - A Low-Latency Block Cipher for Pervasive Computing Applications', 'ASIACRYPT 2012', 'https://link.springer.com/chapter/10.1007/978-3-642-34961-4_12', 'Lightweight research cipher', 'block', '12', '["Block cipher","FX / reflection SPN","Lightweight"]');
insert into algorithms (id, name, structure, algorithm_year, design_paper, design_venue, design_url, standard, type, total_rounds, tags) values ('rc6', 'RC6', 'ARX', 1998, 'The RC6 Block Cipher', 'AES Candidate Submission 1998', 'https://www.cerias.purdue.edu/apps/reports_and_papers/view/2029', 'AES finalist', 'block', '20', '["AES candidate","AES finalist","ARX","Block cipher"]');
insert into algorithms (id, name, structure, algorithm_year, design_paper, design_venue, design_url, standard, type, total_rounds, tags) values ('ripemd', 'RIPEMD', 'Merkle-Damgard', 1992, 'Integrity Primitives for Secure Information Systems: Final RIPE Report of RACE Integrity Primitives Evaluation', 'LNCS 1007 / Springer', 'https://link.springer.com/book/10.1007/3-540-60640-8', 'European hash function', 'hash', 'full original RIPEMD', '["Hash function","Legacy standard","Merkle-Damgard"]');
insert into algorithms (id, name, structure, algorithm_year, design_paper, design_venue, design_url, standard, type, total_rounds, tags) values ('serpent', 'Serpent', 'SPN', 1998, 'Serpent: A Candidate Block Cipher for the Advanced Encryption Standard', 'AES Candidate Submission 1998', 'https://www.cl.cam.ac.uk/archive/rja14/Papers/serpent.pdf', 'AES finalist', 'block', '32', '["AES candidate","AES finalist","Block cipher","SPN"]');
insert into algorithms (id, name, structure, algorithm_year, design_paper, design_venue, design_url, standard, type, total_rounds, tags) values ('sha-1', 'SHA-1', 'Merkle-Damgard', 1995, 'Secure Hash Standard', 'NIST FIPS 180-1', 'https://csrc.nist.gov/pubs/fips/180-1/final', 'NIST / United States', 'hash', '80 steps', '["Hash function","Legacy standard","Merkle-Damgard","National Standard"]');
insert into algorithms (id, name, structure, algorithm_year, design_paper, design_venue, design_url, standard, type, total_rounds, tags) values ('sha-256', 'SHA-256', 'Merkle-Damgard', 2001, 'Secure Hash Standard (SHS)', 'NIST FIPS 180-4', 'https://csrc.nist.gov/pubs/fips/180-4/upd1/final', 'NIST / United States', 'hash', '64 steps', '["Hash function","Merkle-Damgard","National Standard"]');
insert into algorithms (id, name, structure, algorithm_year, design_paper, design_venue, design_url, standard, type, total_rounds, tags) values ('sha-512', 'SHA-512', 'Merkle-Damgard', 2001, 'Secure Hash Standard (SHS)', 'NIST FIPS 180-4', 'https://csrc.nist.gov/pubs/fips/180-4/upd1/final', 'NIST / United States', 'hash', '80 steps', '["Hash function","Merkle-Damgard","National Standard"]');
insert into algorithms (id, name, structure, algorithm_year, design_paper, design_venue, design_url, standard, type, total_rounds, tags) values ('simon32-64', 'SIMON32/64', 'Feistel ARX', 2013, 'The Simon and Speck Families of Lightweight Block Ciphers', 'IACR ePrint 2013/404', 'https://eprint.iacr.org/2013/404', 'NSA lightweight design', 'block', '32', '["Block cipher","Feistel ARX","Lightweight","NSA design"]');
insert into algorithms (id, name, structure, algorithm_year, design_paper, design_venue, design_url, standard, type, total_rounds, tags) values ('skein-512', 'Skein-512', 'Threefish / tweakable block cipher', 2008, 'The Skein Hash Function Family', 'SHA-3 Submission to NIST', 'https://www.schneier.com/wp-content/uploads/2015/01/skein.pdf', 'SHA-3 finalist', 'hash', '72 rounds', '["Hash function","SHA-3 candidate","SHA-3 finalist","Threefish / tweakable block cipher"]');
insert into algorithms (id, name, structure, algorithm_year, design_paper, design_venue, design_url, standard, type, total_rounds, tags) values ('skinny-64-128', 'SKINNY-64-128', 'Tweakable SPN', 2016, 'The SKINNY Family of Block Ciphers and Its Low-Latency Variant MANTIS', 'CRYPTO 2016', 'https://link.springer.com/chapter/10.1007/978-3-662-53008-5_5', 'Lightweight research cipher', 'block', '40', '["Block cipher","Lightweight","NIST LWC-related","Tweakable SPN"]');
insert into algorithms (id, name, structure, algorithm_year, design_paper, design_venue, design_url, standard, type, total_rounds, tags) values ('sm4-sms4', 'SM4 / SMS4', 'Unbalanced Feistel', 2006, 'The SM4 Block Cipher Algorithm and Its Modes of Operations', 'IETF Internet-Draft / GB/T 32907-2016', 'https://datatracker.ietf.org/doc/html/draft-ribose-cfrg-sm4', 'Chinese national standard', 'block', '32', '["Block cipher","National Standard","Unbalanced Feistel"]');
insert into algorithms (id, name, structure, algorithm_year, design_paper, design_venue, design_url, standard, type, total_rounds, tags) values ('speck32-64', 'SPECK32/64', 'ARX', 2013, 'The Simon and Speck Families of Lightweight Block Ciphers', 'IACR ePrint 2013/404', 'https://eprint.iacr.org/2013/404', 'NSA lightweight design', 'block', '22', '["ARX","Block cipher","Lightweight","NSA design"]');
insert into algorithms (id, name, structure, algorithm_year, design_paper, design_venue, design_url, standard, type, total_rounds, tags) values ('spongent', 'SPONGENT', 'Sponge', 2011, 'Spongent: A Lightweight Hash Function', 'CHES 2011', 'https://link.springer.com/chapter/10.1007/978-3-642-23951-9_20', 'Lightweight hash family', 'hash', 'variant dependent', '["Hash function","Lightweight","Sponge"]');
insert into algorithms (id, name, structure, algorithm_year, design_paper, design_venue, design_url, standard, type, total_rounds, tags) values ('twofish', 'Twofish', 'Feistel', 1998, 'Twofish: A 128-Bit Block Cipher', 'AES Candidate Submission 1998', 'https://www.schneier.com/wp-content/uploads/2016/02/paper-twofish-paper.pdf', 'AES finalist', 'block', '16', '["AES candidate","AES finalist","Block cipher","Feistel"]');
insert into algorithms (id, name, structure, algorithm_year, design_paper, design_venue, design_url, standard, type, total_rounds, tags) values ('whirlpool', 'Whirlpool', 'AES-like hash', 2000, 'Whirlpool: A Hash Function Based on AES', 'First Open NESSIE Workshop', 'https://www.larc.usp.br/~pbarreto/WhirlpoolPage.html', 'ISO/IEC hash standard', 'hash', '10 rounds', '["AES-like hash","Hash function","ISO/IEC","SHA-3 candidate"]');
insert into algorithms (id, name, structure, algorithm_year, design_paper, design_venue, design_url, standard, type, total_rounds, tags) values ('xoodyak-xoodoo', 'Xoodyak / Xoodoo', 'Sponge permutation', 2018, 'Xoodyak, a Lightweight Cryptographic Scheme', 'IACR ToSC 2020', 'https://tosc.iacr.org/index.php/ToSC/article/view/8618', 'NIST LWC finalist', 'hash', '12 rounds Xoodoo', '["Hash function","Lightweight","National Standard","NIST LWC finalist","Sponge permutation"]');
insert into publications (id, venue, year, title, url) values ('icisc-2014-bicliques-minimal-data-time-aes', 'ICISC', 2014, 'Bicliques with Minimal Data and Time Complexity for AES', 'https://link.springer.com/chapter/10.1007/978-3-319-15943-0_10');
insert into publications (id, venue, year, title, url) values ('eurocrypt-2023-truncated-boomerang-aes', 'EUROCRYPT', 2023, 'Truncated boomerang attacks and application to AES-based ciphers', 'https://link.springer.com/chapter/10.1007/978-3-031-30634-1_1');
insert into publications (id, venue, year, title, url) values ('indocrypt-2010-impossible-differential-aes-128', 'INDOCRYPT', 2010, 'Improved Impossible Differential Cryptanalysis of 7-Round AES-128', 'https://link.springer.com/chapter/10.1007/978-3-642-17401-8_20');
insert into publications (id, venue, year, title, url) values ('indocrypt-2009-improved-mitm-aes', 'INDOCRYPT', 2009, 'Improved Meet-in-the-Middle Attacks on AES', 'https://link.springer.com/chapter/10.1007/978-3-642-10628-6_10');
insert into publications (id, venue, year, title, url) values ('asiacrypt-2022-revisiting-related-key-boomerang-aes-computer-aided-tool', 'ASIACRYPT', 2022, 'Revisiting Related-Key Boomerang Attacks on AES Using Computer-Aided Tool', 'https://link.springer.com/chapter/10.1007/978-3-031-22969-5_3');
insert into publications (id, venue, year, title, url) values ('indocrypt-2008-new-impossible-differential-aes', 'INDOCRYPT', 2008, 'New Impossible Differential Attacks on AES', 'https://link.springer.com/chapter/10.1007/978-3-540-89754-5_22');
insert into publications (id, venue, year, title, url) values ('ctrsa-2024-improved-mitm-9rounds-aes-192', 'CT-RSA', 2024, 'Improved Meet-in-the-Middle Attacks on Nine Rounds of the AES-192 Block Cipher', 'https://link.springer.com/chapter/10.1007/978-3-031-58868-6_6');
insert into publications (id, venue, year, title, url) values ('asiacrypt-2009-related-key-cryptanalysis-of-the-full-aes-192-and-aes-256', 'ASIACRYPT', 2009, 'Related-Key Cryptanalysis of the Full AES-192 and AES-256', 'https://link.springer.com/chapter/10.1007/978-3-642-10366-7_1');
insert into publications (id, venue, year, title, url) values ('cic-2026-improved-related-key-differential-aes-256', 'IACR CiC', 2026, 'Improved Related-Key Differential Attacks against AES-256', 'https://cic.iacr.org/p/2/4/39');
insert into publications (id, venue, year, title, url) values ('dcc-2026-improved-mitm-attack-10-rounds-aes-256', 'DCC', 2023, 'Improved meet-in-the-middle attack on 10 rounds of the AES-256 block cipher', 'https://link.springer.com/article/10.1007/s10623-023-01323-4');
insert into publications (id, venue, year, title, url) values ('jcst-2007-impossible-differential-cryptanalysis-of-reduced-round-aria-and-camellia', 'JCST', 2007, 'Impossible Differential Cryptanalysis of Reduced-Round ARIA and Camellia', 'https://jcst.ict.ac.cn/en/article/id/1363');
insert into publications (id, venue, year, title, url) values ('fse-2016-practical-cryptanalysis-of-round-reduced-ascon', 'FSE', 2016, 'Practical Cryptanalysis of Round-Reduced Ascon', 'https://link.springer.com/chapter/10.1007/978-3-662-52993-5_18');
insert into publications (id, venue, year, title, url) values ('fse-2010-a-framework-for-the-analysis-of-sha-3-candidates', 'FSE', 2010, 'A Framework for the Analysis of SHA-3 Candidates', 'https://link.springer.com/chapter/10.1007/978-3-642-13858-4_14');
insert into publications (id, venue, year, title, url) values ('fse-2012-new-observations-on-impossible-differential-cryptanalysis-of-reduced-round-camellia', 'FSE', 2012, 'New Observations on Impossible Differential Cryptanalysis of Reduced-Round Camellia', 'https://link.springer.com/chapter/10.1007/978-3-642-34047-5_6');
insert into publications (id, venue, year, title, url) values ('eurocrypt-2016-improved-differential-linear-cryptanalysis-of-7-round-chaskey-with-partitioning', 'EUROCRYPT', 2016, 'Improved Differential-Linear Cryptanalysis of 7-Round Chaskey with Partitioning', 'https://link.springer.com/chapter/10.1007/978-3-662-49890-3_14');
insert into publications (id, venue, year, title, url) values ('jcst-2011-impossible-differential-attacks-on-13-round-clefia-128', 'JCST', 2011, 'Impossible Differential Attacks on 13-Round CLEFIA-128', 'https://jcst.ict.ac.cn/EN/10.1007/s11390-011-1173-0');
insert into publications (id, venue, year, title, url) values ('crypto-1990-differential-cryptanalysis-of-des-like-cryptosystems', 'CRYPTO', 1990, 'Differential Cryptanalysis of DES-like Cryptosystems', 'https://link.springer.com/chapter/10.1007/3-540-38424-3_1');
insert into publications (id, venue, year, title, url) values ('eurocrypt-1993-linear-cryptanalysis-method-for-des-cipher', 'EUROCRYPT', 1993, 'Linear Cryptanalysis Method for DES Cipher', 'https://link.springer.com/chapter/10.1007/3-540-48285-7_33');
insert into publications (id, venue, year, title, url) values ('ches-2017-gift-a-small-present', 'CHES', 2017, 'GIFT: A Small Present', 'https://link.springer.com/chapter/10.1007/978-3-319-66787-4_16');
insert into publications (id, venue, year, title, url) values ('ches-2017-gimli-a-cross-platform-permutation', 'CHES', 2017, 'Gimli: A Cross-Platform Permutation', 'https://link.springer.com/chapter/10.1007/978-3-319-66787-4_18');
insert into publications (id, venue, year, title, url) values ('fse-2009-the-rebound-attack-cryptanalysis-of-reduced-whirlpool-and-gr-stl', 'FSE', 2009, 'The Rebound Attack: Cryptanalysis of Reduced Whirlpool and Grøstl', 'https://link.springer.com/chapter/10.1007/978-3-642-03317-9_17');
insert into publications (id, venue, year, title, url) values ('fse-2010-analysis-of-the-sha-3-candidate-jh', 'FSE', 2010, 'Analysis of the SHA-3 Candidate JH', 'https://link.springer.com/chapter/10.1007/978-3-642-13858-4_15');
insert into publications (id, venue, year, title, url) values ('crypto-2010-a-practical-time-related-key-attack-on-the-kasumi-cryptosystem-used-in-gsm-and-3g-telephony', 'CRYPTO', 2010, 'A Practical-Time Related-Key Attack on the KASUMI Cryptosystem Used in GSM and 3G Telephony', 'https://doi.org/10.1007/978-3-642-14623-7_21');
insert into publications (id, venue, year, title, url) values ('keccak-team-2025-crunchy-crypto-collision-and-pre-image-contest', 'Keccak Team', 2025, 'Crunchy Crypto Collision and Pre-image Contest', 'https://keccak.team/crunchy_contest.html');
insert into publications (id, venue, year, title, url) values ('asiacrypt-2009-zero-sum-distinguishers-for-reduced-keccak-f-and-hamsi-256', 'ASIACRYPT', 2009, 'Zero-Sum Distinguishers for Reduced Keccak-f and Hamsi-256', 'https://link.springer.com/chapter/10.1007/978-3-642-10366-7_17');
insert into publications (id, venue, year, title, url) values ('sac-2015-meet-in-the-middle-attacks-on-reduced-round-kuznyechik', 'SAC', 2015, 'Meet-in-the-Middle Attacks on Reduced-Round Kuznyechik', 'https://link.springer.com/chapter/10.1007/978-3-319-31301-6_21');
insert into publications (id, venue, year, title, url) values ('ches-2011-led-a-lightweight-block-cipher', 'CHES', 2011, 'LED: A Lightweight Block Cipher', 'https://link.springer.com/chapter/10.1007/978-3-642-23951-9_22');
insert into publications (id, venue, year, title, url) values ('eurocrypt-2005-collisions-for-hash-functions-md4-md5-haval-128-and-ripemd', 'EUROCRYPT', 2005, 'Collisions for Hash Functions MD4, MD5, HAVAL-128 and RIPEMD', 'https://link.springer.com/chapter/10.1007/11426639_36');
insert into publications (id, venue, year, title, url) values ('eurocrypt-2007-chosen-prefix-collisions-for-md5-and-colliding-x-509-certificates', 'EUROCRYPT', 2007, 'Chosen-Prefix Collisions for MD5 and Colliding X.509 Certificates', 'https://link.springer.com/chapter/10.1007/978-3-540-72540-4_1');
insert into publications (id, venue, year, title, url) values ('eurocrypt-2005-how-to-break-md5-and-other-hash-functions', 'EUROCRYPT', 2005, 'How to Break MD5 and Other Hash Functions', 'https://link.springer.com/chapter/10.1007/11426639_2');
insert into publications (id, venue, year, title, url) values ('crypto-2016-a-2-70-attack-on-the-full-misty1', 'CRYPTO', 2016, 'A 2^70 Attack on the Full MISTY1', 'https://doi.org/10.1007/978-3-662-53018-4_16');
insert into publications (id, venue, year, title, url) values ('crypto-2011-photon-a-lightweight-hash-function-family', 'CRYPTO', 2011, 'PHOTON: A Lightweight Hash Function Family', 'https://link.springer.com/chapter/10.1007/978-3-642-22792-9_13');
insert into publications (id, venue, year, title, url) values ('asiacrypt-2007-present-an-ultra-lightweight-block-cipher', 'ASIACRYPT', 2007, 'PRESENT: An Ultra-Lightweight Block Cipher', 'https://link.springer.com/chapter/10.1007/978-3-540-76900-2_31');
insert into publications (id, venue, year, title, url) values ('fse-2009-single-key-cryptanalysis-of-the-full-present', 'FSE', 2009, 'Single-Key Cryptanalysis of the Full PRESENT', 'https://link.springer.com/chapter/10.1007/978-3-642-03317-9_15');
insert into publications (id, venue, year, title, url) values ('asiacrypt-2012-prince-a-low-latency-block-cipher-for-pervasive-computing-applications', 'ASIACRYPT', 2012, 'PRINCE - A Low-Latency Block Cipher for Pervasive Computing Applications', 'https://link.springer.com/chapter/10.1007/978-3-642-34961-4_12');
insert into publications (id, venue, year, title, url) values ('fse-2000-correlations-in-rc6-with-a-reduced-number-of-rounds', 'FSE', 2000, 'Correlations in RC6 with a Reduced Number of Rounds', 'https://link.springer.com/chapter/10.1007/3-540-44706-7_7');
insert into publications (id, venue, year, title, url) values ('fse-2003-differential-linear-cryptanalysis-of-serpent', 'FSE', 2003, 'Differential-Linear Cryptanalysis of Serpent', 'https://link.springer.com/chapter/10.1007/978-3-540-39887-5_2');
insert into publications (id, venue, year, title, url) values ('crypto-2017-the-first-collision-for-full-sha-1', 'CRYPTO', 2017, 'The First Collision for Full SHA-1', 'https://link.springer.com/chapter/10.1007/978-3-319-63688-7_19');
insert into publications (id, venue, year, title, url) values ('eurocrypt-2016-freestart-collision-for-full-sha-1', 'EUROCRYPT', 2016, 'Freestart Collision for Full SHA-1', 'https://link.springer.com/chapter/10.1007/978-3-662-49890-3_18');
insert into publications (id, venue, year, title, url) values ('crypto-2005-finding-collisions-in-the-full-sha-1', 'CRYPTO', 2005, 'Finding Collisions in the Full SHA-1', 'https://link.springer.com/chapter/10.1007/11535218_2');
insert into publications (id, venue, year, title, url) values ('fse-2008-collision-attacks-on-31-step-sha-256', 'FSE', 2008, 'Collision Attacks on 31-Step SHA-256', 'https://link.springer.com/chapter/10.1007/978-3-540-71039-4_17');
insert into publications (id, venue, year, title, url) values ('asiacrypt-2009-preimages-for-step-reduced-sha-2', 'ASIACRYPT', 2009, 'Preimages for Step-Reduced SHA-2', 'https://link.springer.com/chapter/10.1007/978-3-642-10366-7_34');
insert into publications (id, venue, year, title, url) values ('indocrypt-2015-improved-linear-cryptanalysis-of-reduced-round-simon-32-and-simon-48', 'INDOCRYPT', 2015, 'Improved Linear Cryptanalysis of Reduced-Round SIMON-32 and SIMON-48', 'https://link.springer.com/chapter/10.1007/978-3-319-26617-6_9');
insert into publications (id, venue, year, title, url) values ('fse-2012-bicliques-for-preimages-attacks-on-skein-512-and-the-sha-2-family', 'FSE', 2012, 'Bicliques for Preimages: Attacks on Skein-512 and the SHA-2 Family', 'https://link.springer.com/chapter/10.1007/978-3-642-34047-5_15');
insert into publications (id, venue, year, title, url) values ('crypto-2016-the-skinny-family-of-block-ciphers-and-its-low-latency-variant-mantis', 'CRYPTO', 2016, 'The SKINNY Family of Block Ciphers and Its Low-Latency Variant MANTIS', 'https://link.springer.com/chapter/10.1007/978-3-662-53008-5_5');
insert into publications (id, venue, year, title, url) values ('sac-2008-the-cryptanalysis-of-reduced-round-sms4', 'SAC', 2008, 'The Cryptanalysis of Reduced-Round SMS4', 'https://link.springer.com/chapter/10.1007/978-3-642-04159-4_4');
insert into publications (id, venue, year, title, url) values ('fse-2014-differential-cryptanalysis-of-round-reduced-simon-and-speck', 'FSE', 2014, 'Differential Cryptanalysis of Round-Reduced Simon and Speck', 'https://link.springer.com/chapter/10.1007/978-3-662-46706-0_27');
insert into publications (id, venue, year, title, url) values ('ches-2011-spongent-a-lightweight-hash-function', 'CHES', 2011, 'Spongent: A Lightweight Hash Function', 'https://link.springer.com/chapter/10.1007/978-3-642-23951-9_20');
insert into publications (id, venue, year, title, url) values ('fse-2001-the-saturation-attack-a-bait-for-twofish', 'FSE', 2001, 'The Saturation Attack - A Bait for Twofish', 'https://link.springer.com/chapter/10.1007/3-540-45473-X_1');
insert into publications (id, venue, year, title, url) values ('iacr-tosc-2018-xoodyak-a-lightweight-cryptographic-scheme', 'IACR ToSC', 2018, 'Xoodyak, a Lightweight Cryptographic Scheme', 'https://tosc.iacr.org/index.php/ToSC/article/view/7347');
insert into attacks (id, algorithm_id, publication_id, attack, model, attacked_rounds, round_coverage, data_complexity, time_complexity, memory_complexity) values ('aes-128-biclique', 'aes-128', 'icisc-2014-bicliques-minimal-data-time-aes', 'Biclique', 'Single-Key / Known-Plaintext', '10', 1, '2', '2^126.67', '2^8');
insert into attacks (id, algorithm_id, publication_id, attack, model, attacked_rounds, round_coverage, data_complexity, time_complexity, memory_complexity) values ('aes-128-boomerang', 'aes-128', 'eurocrypt-2023-truncated-boomerang-aes', 'Boomerang', 'Single-Key / Chosen-Plaintext', '6', 0.6, '2^59', '2^61', '');
insert into attacks (id, algorithm_id, publication_id, attack, model, attacked_rounds, round_coverage, data_complexity, time_complexity, memory_complexity) values ('aes-128-id', 'aes-128', 'indocrypt-2010-impossible-differential-aes-128', 'Impossible-Differential', 'Single-Key / Chosen-Plaintext', '7', 0.8, '2^106.2', '2^110.2', '2^94.2');
insert into attacks (id, algorithm_id, publication_id, attack, model, attacked_rounds, round_coverage, data_complexity, time_complexity, memory_complexity) values ('aes-128-mitm', 'aes-128', 'indocrypt-2009-improved-mitm-aes', 'Meet-in-the-Middle', 'Single-Key / Known-Plaintext', '7', 0.7, '2^80', '2^113', '2^122');
insert into attacks (id, algorithm_id, publication_id, attack, model, attacked_rounds, round_coverage, data_complexity, time_complexity, memory_complexity) values ('aes-192-biclique', 'aes-192', 'icisc-2014-bicliques-minimal-data-time-aes', 'Biclique', 'Single-Key / Known-Plaintext', '12', 1, '2', '2^190.9', '2^8');
insert into attacks (id, algorithm_id, publication_id, attack, model, attacked_rounds, round_coverage, data_complexity, time_complexity, memory_complexity) values ('aes-192-boomerang-rk', 'aes-192', 'asiacrypt-2022-revisiting-related-key-boomerang-aes-computer-aided-tool', 'Boomerang', 'Related-Key / Chosen-Plaintext', '12', 1, '2^124', '2^124', '2^79.8');
insert into attacks (id, algorithm_id, publication_id, attack, model, attacked_rounds, round_coverage, data_complexity, time_complexity, memory_complexity) values ('aes-192-id', 'aes-192', 'indocrypt-2008-new-impossible-differential-aes', 'Impossible-Differential', 'Single-Key / Chosen-Plaintext', '7', 0.5833, '2^91.2', '2^139.2', '');
insert into attacks (id, algorithm_id, publication_id, attack, model, attacked_rounds, round_coverage, data_complexity, time_complexity, memory_complexity) values ('aes-192-mitm', 'aes-192', 'ctrsa-2024-improved-mitm-9rounds-aes-192', 'Meet-in-the-Middle', 'Single-Key / Known-Plaintext', '9', 0.75, '2^121', '2^187.6', '2^172.3');
insert into attacks (id, algorithm_id, publication_id, attack, model, attacked_rounds, round_coverage, data_complexity, time_complexity, memory_complexity) values ('aes-256-biclique', 'aes-256', 'icisc-2014-bicliques-minimal-data-time-aes', 'Biclique', 'Single-Key / Known-Plaintext', '14', 1, '3', '2^255', '2^8');
insert into attacks (id, algorithm_id, publication_id, attack, model, attacked_rounds, round_coverage, data_complexity, time_complexity, memory_complexity) values ('aes-256-boomerang-rk', 'aes-256', 'asiacrypt-2009-related-key-cryptanalysis-of-the-full-aes-192-and-aes-256', 'Boomerang', 'Related-Key / Chosen-Plaintext', '14', 1, '2^99.5 ', '2^99.5', '2^77');
insert into attacks (id, algorithm_id, publication_id, attack, model, attacked_rounds, round_coverage, data_complexity, time_complexity, memory_complexity) values ('aes-256-differential-rk', 'aes-256', 'cic-2026-improved-related-key-differential-aes-256', 'Differential', 'Related-Key / Chosen-Plaintext', '13', 0.9286, '2^112', '2^208.9', '2^131.3');
insert into attacks (id, algorithm_id, publication_id, attack, model, attacked_rounds, round_coverage, data_complexity, time_complexity, memory_complexity) values ('aes-256-id', 'aes-256', 'indocrypt-2008-new-impossible-differential-aes', 'Impossible-Differential', 'Single-Key / Chosen-Plaintext', '8', 0.5714, '2^89.1', '2^229.7 MA', '');
insert into attacks (id, algorithm_id, publication_id, attack, model, attacked_rounds, round_coverage, data_complexity, time_complexity, memory_complexity) values ('aes-256-mitm', 'aes-256', 'dcc-2026-improved-mitm-attack-10-rounds-aes-256', 'Meet-in-the-Middle', 'Single-Key / Known-Plaintext', '10', 0.7143, '2^105', '2^253.2', '2^189');
insert into attacks (id, algorithm_id, publication_id, attack, model, attacked_rounds, round_coverage, data_complexity, time_complexity, memory_complexity) values ('aria-square', 'aria-128', 'jcst-2007-impossible-differential-cryptanalysis-of-reduced-round-aria-and-camellia', 'Impossible differential / square', 'chosen-plaintext key recovery', '7', 0.5833, '', '', '');
insert into attacks (id, algorithm_id, publication_id, attack, model, attacked_rounds, round_coverage, data_complexity, time_complexity, memory_complexity) values ('ascon-attack', 'ascon', 'fse-2016-practical-cryptanalysis-of-round-reduced-ascon', 'Differential-linear / cube analysis', 'distinguisher and key recovery on reduced variants', '7 rounds', 0.5833, '2^64', '2^64 / 2^96', '');
insert into attacks (id, algorithm_id, publication_id, attack, model, attacked_rounds, round_coverage, data_complexity, time_complexity, memory_complexity) values ('blake-rebound', 'blake-32', 'fse-2010-a-framework-for-the-analysis-of-sha-3-candidates', 'Differential / rebound-style distinguisher', 'collision / distinguisher', '7 rounds', 0.5, '', '2^224', '');
insert into attacks (id, algorithm_id, publication_id, attack, model, attacked_rounds, round_coverage, data_complexity, time_complexity, memory_complexity) values ('camellia-impossible', 'camellia-128', 'fse-2012-new-observations-on-impossible-differential-cryptanalysis-of-reduced-round-camellia', 'Impossible differential', 'single-key chosen-plaintext key recovery', '11', 0.6111, '2^122', '2^122', '2^102 bytes');
insert into attacks (id, algorithm_id, publication_id, attack, model, attacked_rounds, round_coverage, data_complexity, time_complexity, memory_complexity) values ('chaskey', 'chaskey', 'eurocrypt-2016-improved-differential-linear-cryptanalysis-of-7-round-chaskey-with-partitioning', 'Differential cryptanalysis', 'forgery / key recovery on reduced rounds', '8 rounds', 0.5, '2^48', '2^67', '');
insert into attacks (id, algorithm_id, publication_id, attack, model, attacked_rounds, round_coverage, data_complexity, time_complexity, memory_complexity) values ('clefia-impossible', 'clefia-128', 'jcst-2011-impossible-differential-attacks-on-13-round-clefia-128', 'Impossible differential', 'chosen-plaintext key recovery', '13', 0.7222, '2^117.8', '2^121.2', '2^86.8 blocks');
insert into attacks (id, algorithm_id, publication_id, attack, model, attacked_rounds, round_coverage, data_complexity, time_complexity, memory_complexity) values ('des-differential', 'des', 'crypto-1990-differential-cryptanalysis-of-des-like-cryptosystems', 'Differential cryptanalysis', 'chosen-plaintext key recovery', '16', 1, '2^47', '2^47', '2^37 bytes');
insert into attacks (id, algorithm_id, publication_id, attack, model, attacked_rounds, round_coverage, data_complexity, time_complexity, memory_complexity) values ('des-linear', 'des', 'eurocrypt-1993-linear-cryptanalysis-method-for-des-cipher', 'Linear cryptanalysis', 'known-plaintext key recovery', '16', 1, '2^43', '2^43', '');
insert into attacks (id, algorithm_id, publication_id, attack, model, attacked_rounds, round_coverage, data_complexity, time_complexity, memory_complexity) values ('gift-differential', 'gift-64', 'ches-2017-gift-a-small-present', 'Differential cryptanalysis', 'chosen-plaintext key recovery', '19', 0.6786, '2^63', '2^112', '');
insert into attacks (id, algorithm_id, publication_id, attack, model, attacked_rounds, round_coverage, data_complexity, time_complexity, memory_complexity) values ('gimli-differential', 'gimli', 'ches-2017-gimli-a-cross-platform-permutation', 'Differential / linear distinguishers', 'permutation distinguisher', '8 rounds', 0.3333, '', '', '');
insert into attacks (id, algorithm_id, publication_id, attack, model, attacked_rounds, round_coverage, data_complexity, time_complexity, memory_complexity) values ('groestl-rebound', 'gr-stl-256', 'fse-2009-the-rebound-attack-cryptanalysis-of-reduced-whirlpool-and-gr-stl', 'Rebound attack', 'collision / distinguisher', '7 rounds', 0.7, '', '2^120', '2^64 bytes');
insert into attacks (id, algorithm_id, publication_id, attack, model, attacked_rounds, round_coverage, data_complexity, time_complexity, memory_complexity) values ('jh-rebound', 'jh', 'fse-2010-analysis-of-the-sha-3-candidate-jh', 'Rebound / differential distinguisher', 'permutation distinguisher', '35.5 rounds permutation', 0.8452, '', '', '');
insert into attacks (id, algorithm_id, publication_id, attack, model, attacked_rounds, round_coverage, data_complexity, time_complexity, memory_complexity) values ('kasumi-sandwich', 'kasumi', 'crypto-2010-a-practical-time-related-key-attack-on-the-kasumi-cryptosystem-used-in-gsm-and-3g-telephony', 'Sandwich / boomerang attack', 'related-key chosen-plaintext key recovery', '8', 1, '2^26', '2^32', '2^30 bytes');
insert into attacks (id, algorithm_id, publication_id, attack, model, attacked_rounds, round_coverage, data_complexity, time_complexity, memory_complexity) values ('keccak-crunchy-collision', 'keccak-sha-3', 'keccak-team-2025-crunchy-crypto-collision-and-pre-image-contest', 'Collision challenge records', 'collision', '6', 0.25, '', '', '');
insert into attacks (id, algorithm_id, publication_id, attack, model, attacked_rounds, round_coverage, data_complexity, time_complexity, memory_complexity) values ('keccak-cube', 'keccak-sha-3', 'asiacrypt-2009-zero-sum-distinguishers-for-reduced-keccak-f-and-hamsi-256', 'Cube / zero-sum distinguishers', 'permutation distinguisher', '7', 0.2917, '2^n', '2^n', '');
insert into attacks (id, algorithm_id, publication_id, attack, model, attacked_rounds, round_coverage, data_complexity, time_complexity, memory_complexity) values ('sha3-rotational', 'keccak-sha-3', 'keccak-team-2025-crunchy-crypto-collision-and-pre-image-contest', 'Differential-linear / collision search', 'collision / preimage contest', '6 rounds', 0.25, '', '', '');
insert into attacks (id, algorithm_id, publication_id, attack, model, attacked_rounds, round_coverage, data_complexity, time_complexity, memory_complexity) values ('kuznyechik-mitm', 'kuznyechik', 'sac-2015-meet-in-the-middle-attacks-on-reduced-round-kuznyechik', 'Meet-in-the-middle', 'known-plaintext key recovery', '5', 0.5, '2^64', '2^140', '2^128 bytes');
insert into attacks (id, algorithm_id, publication_id, attack, model, attacked_rounds, round_coverage, data_complexity, time_complexity, memory_complexity) values ('led-impossible', 'led-64', 'ches-2011-led-a-lightweight-block-cipher', 'Meet-in-the-middle / differential', 'chosen-plaintext key recovery', '16', 0.5, '2^64', '2^64', '');
insert into attacks (id, algorithm_id, publication_id, attack, model, attacked_rounds, round_coverage, data_complexity, time_complexity, memory_complexity) values ('md4-collision', 'md4', 'eurocrypt-2005-collisions-for-hash-functions-md4-md5-haval-128-and-ripemd', 'Collision attack', 'hash collision', '48 steps', 1, '', '2^8', '');
insert into attacks (id, algorithm_id, publication_id, attack, model, attacked_rounds, round_coverage, data_complexity, time_complexity, memory_complexity) values ('md5-chosen-prefix', 'md5', 'eurocrypt-2007-chosen-prefix-collisions-for-md5-and-colliding-x-509-certificates', 'Chosen-prefix collision', 'chosen-prefix collision', '64 steps', 1, '', '2^50', '');
insert into attacks (id, algorithm_id, publication_id, attack, model, attacked_rounds, round_coverage, data_complexity, time_complexity, memory_complexity) values ('md5-collision', 'md5', 'eurocrypt-2005-how-to-break-md5-and-other-hash-functions', 'Collision attack', 'hash collision', '64 steps', 1, '', '2^39', '');
insert into attacks (id, algorithm_id, publication_id, attack, model, attacked_rounds, round_coverage, data_complexity, time_complexity, memory_complexity) values ('misty1-full-integral', 'misty1', 'crypto-2016-a-2-70-attack-on-the-full-misty1', 'Integral / division-property key recovery', 'single-key chosen-plaintext key recovery', '8', 1, '2^64', '2^69.5', '');
insert into attacks (id, algorithm_id, publication_id, attack, model, attacked_rounds, round_coverage, data_complexity, time_complexity, memory_complexity) values ('photon-collision', 'photon', 'crypto-2011-photon-a-lightweight-hash-function-family', 'Rebound / differential collision', 'collision', '8 rounds', 0.6667, '', '2^32 / 2^64', '');
insert into attacks (id, algorithm_id, publication_id, attack, model, attacked_rounds, round_coverage, data_complexity, time_complexity, memory_complexity) values ('present-statistical', 'present', 'asiacrypt-2007-present-an-ultra-lightweight-block-cipher', 'Differential / linear statistical attack', 'chosen/plaintext distinguishers', '26', 0.8387, '2^63', '', '');
insert into attacks (id, algorithm_id, publication_id, attack, model, attacked_rounds, round_coverage, data_complexity, time_complexity, memory_complexity) values ('present-single-key', 'present-80', 'fse-2009-single-key-cryptanalysis-of-the-full-present', 'Multidimensional linear cryptanalysis', 'single-key key recovery', '31', 1, '2^64', '2^72', '2^40');
insert into attacks (id, algorithm_id, publication_id, attack, model, attacked_rounds, round_coverage, data_complexity, time_complexity, memory_complexity) values ('prince-biclique', 'prince', 'asiacrypt-2012-prince-a-low-latency-block-cipher-for-pervasive-computing-applications', 'Biclique cryptanalysis', 'single-key key recovery', '12', 1, '2^57', '2^126.12', '2^9 blocks');
insert into attacks (id, algorithm_id, publication_id, attack, model, attacked_rounds, round_coverage, data_complexity, time_complexity, memory_complexity) values ('rc6-reduced', 'rc6', 'fse-2000-correlations-in-rc6-with-a-reduced-number-of-rounds', 'Correlation / chi-square cryptanalysis', 'distinguishing and key recovery', '15', 0.75, '2^119', '2^127', '');
insert into attacks (id, algorithm_id, publication_id, attack, model, attacked_rounds, round_coverage, data_complexity, time_complexity, memory_complexity) values ('ripemd-collision', 'ripemd', 'eurocrypt-2005-collisions-for-hash-functions-md4-md5-haval-128-and-ripemd', 'Collision attack', 'hash collision', 'full', null, '', '2^18', '');
insert into attacks (id, algorithm_id, publication_id, attack, model, attacked_rounds, round_coverage, data_complexity, time_complexity, memory_complexity) values ('serpent-rectangle', 'serpent', 'fse-2003-differential-linear-cryptanalysis-of-serpent', 'Differential-linear cryptanalysis', 'chosen-plaintext key recovery', '11', 0.3438, '2^125.3', '2^139.2', '');
insert into attacks (id, algorithm_id, publication_id, attack, model, attacked_rounds, round_coverage, data_complexity, time_complexity, memory_complexity) values ('sha1-full-collision', 'sha-1', 'crypto-2017-the-first-collision-for-full-sha-1', 'Collision attack', 'hash collision', '80 steps', 1, '', '2^63.1', '');
insert into attacks (id, algorithm_id, publication_id, attack, model, attacked_rounds, round_coverage, data_complexity, time_complexity, memory_complexity) values ('sha1-shappening', 'sha-1', 'eurocrypt-2016-freestart-collision-for-full-sha-1', 'Freestart collision', 'freestart collision', '80-step compression', 1, '', '2^57.5', '');
insert into attacks (id, algorithm_id, publication_id, attack, model, attacked_rounds, round_coverage, data_complexity, time_complexity, memory_complexity) values ('sha1-wang', 'sha-1', 'crypto-2005-finding-collisions-in-the-full-sha-1', 'Differential collision attack', 'hash collision', '80 steps', 1, '', '2^69', '');
insert into attacks (id, algorithm_id, publication_id, attack, model, attacked_rounds, round_coverage, data_complexity, time_complexity, memory_complexity) values ('sha256-collision', 'sha-256', 'fse-2008-collision-attacks-on-31-step-sha-256', 'Collision attack', 'hash collision', '31 steps', 0.4844, '', '2^65.5', '');
insert into attacks (id, algorithm_id, publication_id, attack, model, attacked_rounds, round_coverage, data_complexity, time_complexity, memory_complexity) values ('sha256-preimage', 'sha-256', 'asiacrypt-2009-preimages-for-step-reduced-sha-2', 'Meet-in-the-middle preimage', 'preimage', '43 steps', 0.6719, '', '2^254.9', '2^6 words');
insert into attacks (id, algorithm_id, publication_id, attack, model, attacked_rounds, round_coverage, data_complexity, time_complexity, memory_complexity) values ('sha512-preimage', 'sha-512', 'asiacrypt-2009-preimages-for-step-reduced-sha-2', 'Meet-in-the-middle preimage', 'preimage', '46 steps', 0.575, '', '2^511.5', '2^6 words');
insert into attacks (id, algorithm_id, publication_id, attack, model, attacked_rounds, round_coverage, data_complexity, time_complexity, memory_complexity) values ('simon-linear', 'simon32-64', 'indocrypt-2015-improved-linear-cryptanalysis-of-reduced-round-simon-32-and-simon-48', 'Linear cryptanalysis', 'known-plaintext key recovery', '24', 0.75, '2^31', '2^62', '');
insert into attacks (id, algorithm_id, publication_id, attack, model, attacked_rounds, round_coverage, data_complexity, time_complexity, memory_complexity) values ('skein-biclique', 'skein-512', 'fse-2012-bicliques-for-preimages-attacks-on-skein-512-and-the-sha-2-family', 'Biclique preimage', 'preimage', '37 rounds', 0.5139, '', '2^511.5', '');
insert into attacks (id, algorithm_id, publication_id, attack, model, attacked_rounds, round_coverage, data_complexity, time_complexity, memory_complexity) values ('skinny-mitm', 'skinny-64-128', 'crypto-2016-the-skinny-family-of-block-ciphers-and-its-low-latency-variant-mantis', 'Meet-in-the-middle', 'chosen-plaintext key recovery', '23', 0.575, '2^64', '2^126', '2^96 bytes');
insert into attacks (id, algorithm_id, publication_id, attack, model, attacked_rounds, round_coverage, data_complexity, time_complexity, memory_complexity) values ('sm4-sms4-linear', 'sm4-sms4', 'sac-2008-the-cryptanalysis-of-reduced-round-sms4', 'Multidimensional linear cryptanalysis', 'single-key known-plaintext key recovery', '22', 0.6875, '', '', '');
insert into attacks (id, algorithm_id, publication_id, attack, model, attacked_rounds, round_coverage, data_complexity, time_complexity, memory_complexity) values ('speck-differential', 'speck32-64', 'fse-2014-differential-cryptanalysis-of-round-reduced-simon-and-speck', 'Differential cryptanalysis', 'chosen-plaintext key recovery', '15', 0.6818, '2^31', '2^62', '');
insert into attacks (id, algorithm_id, publication_id, attack, model, attacked_rounds, round_coverage, data_complexity, time_complexity, memory_complexity) values ('spongent-collision', 'spongent', 'ches-2011-spongent-a-lightweight-hash-function', 'Differential / collision analysis', 'collision / preimage', 'reduced variants', null, '', '', '');
insert into attacks (id, algorithm_id, publication_id, attack, model, attacked_rounds, round_coverage, data_complexity, time_complexity, memory_complexity) values ('twofish-reduced', 'twofish', 'fse-2001-the-saturation-attack-a-bait-for-twofish', 'Saturation attack', 'chosen-plaintext key recovery', '7', 0.4375, '2^127', '', '');
insert into attacks (id, algorithm_id, publication_id, attack, model, attacked_rounds, round_coverage, data_complexity, time_complexity, memory_complexity) values ('whirlpool-rebound', 'whirlpool', 'fse-2009-the-rebound-attack-cryptanalysis-of-reduced-whirlpool-and-gr-stl', 'Rebound attack', 'collision / semi-free-start', '7.5 rounds', 0.75, '', '2^120', '2^64 bytes');
insert into attacks (id, algorithm_id, publication_id, attack, model, attacked_rounds, round_coverage, data_complexity, time_complexity, memory_complexity) values ('xoodoo-xoodyak', 'xoodyak-xoodoo', 'iacr-tosc-2018-xoodyak-a-lightweight-cryptographic-scheme', 'Differential trail / distinguisher', 'permutation distinguisher', '6 rounds', 0.5, '', '', '');
